{
  "Use Non-ASCII Font" : false,
  "Tags" : [

  ],
  "Ansi 12 Color" : {
    "Red Component" : 2.5268644776588189e-07,
    "Color Space" : "sRGB",
    "Alpha Component" : 1,
    "Blue Component" : 0.88235288858413696,
    "Green Component" : 0.60000008344650269
  },
  "Ansi 6 Color" : {
    "Red Component" : 0.15294116735458374,
    "Color Space" : "sRGB",
    "Alpha Component" : 1,
    "Blue Component" : 0.55294114351272583,
    "Green Component" : 0.38039213418960571
  },
  "Draw Powerline Glyphs" : true,
  "Bold Color" : {
    "Red Component" : 0.21960780024528503,
    "Color Space" : "sRGB",
    "Alpha Component" : 1,
    "Blue Component" : 0.25882351398468018,
    "Green Component" : 0.22745099663734436
  },
  "Normal Font" : "Monaco 16",
  "Ansi 0 Color" : {
    "Red Component" : 0.21568627655506134,
    "Color Space" : "sRGB",
    "Alpha Component" : 1,
    "Blue Component" : 0.25490197539329529,
    "Green Component" : 0.22745098173618317
  },
  "Guid" : "FA3125A3-1850-46E4-B10C-A664E991BCB5",
  "Rows" : 25,
  "Default Bookmark" : "No",
  "Custom Directory" : "Recycle",
  "Blend" : 0.49603855298913041,
  "Cursor Guide Color" : {
    "Red Component" : 0.70213186740875244,
    "Color Space" : "sRGB",
    "Alpha Component" : 0.25,
    "Blue Component" : 1,
    "Green Component" : 0.9268307089805603
  },
  "Non-ASCII Anti Aliased" : true,
  "Use Bright Bold" : true,
  "Ansi 10 Color" : {
    "Red Component" : 0.23615875840187073,
    "Color Space" : "sRGB",
    "Alpha Component" : 1,
    "Blue Component" : 0.40109476447105408,
    "Green Component" : 0.73846429586410522
  },
  "Icon" : 0,
  "Ambiguous Double Width" : false,
  "Jobs to Ignore" : [
    "rlogin",
    "ssh",
    "slogin",
    "telnet"
  ],
  "Ansi 15 Color" : {
    "Red Component" : 0.82797002792358398,
    "Color Space" : "sRGB",
    "Alpha Component" : 1,
    "Blue Component" : 0.82797002792358398,
    "Green Component" : 0.82797002792358398
  },
  "Foreground Color" : {
    "Red Component" : 0.21568627655506134,
    "Color Space" : "sRGB",
    "Alpha Component" : 1,
    "Blue Component" : 0.25490197539329529,
    "Green Component" : 0.22745098173618317
  },
  "Working Directory" : "\/Users\/206678185",
  "Use Tab Color" : true,
  "Blinking Cursor" : true,
  "Disable Window Resizing" : true,
  "Sync Title" : false,
  "Prompt Before Closing 2" : false,
  "BM Growl" : true,
  "Command" : "",
  "Description" : "Default",
  "Mouse Reporting" : true,
  "Screen" : -1,
  "Selection Color" : {
    "Red Component" : 0.85487538576126099,
    "Color Space" : "sRGB",
    "Alpha Component" : 1,
    "Blue Component" : 1,
    "Green Component" : 0.94099169969558716
  },
  "Only The Default BG Color Uses Transparency" : true,
  "Columns" : 160,
  "Idle Code" : 0,
  "Ansi 13 Color" : {
    "Red Component" : 0.80784326791763306,
    "Color Space" : "sRGB",
    "Alpha Component" : 1,
    "Blue Component" : 0.75294119119644165,
    "Green Component" : 0.19999989867210388
  },
  "Custom Command" : "No",
  "ASCII Anti Aliased" : true,
  "Non Ascii Font" : "FiraMonoForPowerline-Regular 12",
  "Vertical Spacing" : 1,
  "Use Bold Font" : true,
  "Option Key Sends" : 0,
  "Selected Text Color" : {
    "Red Component" : 0.21568627655506134,
    "Color Space" : "sRGB",
    "Alpha Component" : 1,
    "Blue Component" : 0.25490197539329529,
    "Green Component" : 0.22745098173618317
  },
  "Background Color" : {
    "Red Component" : 0.99999994039535522,
    "Color Space" : "P3",
    "Blue Component" : 1,
    "Alpha Component" : 1,
    "Green Component" : 1
  },
  "Character Encoding" : 4,
  "Ansi 11 Color" : {
    "Red Component" : 0.7725490927696228,
    "Color Space" : "sRGB",
    "Alpha Component" : 1,
    "Blue Component" : 0.19607838988304138,
    "Green Component" : 0.63921564817428589
  },
  "Non-ASCII Ligatures" : true,
  "Use Italic Font" : true,
  "Unlimited Scrollback" : false,
  "Keyboard Map" : {
    "0x39-0x200000" : {
      "Action" : 12,
      "Text" : "9"
    },
    "0xf702-0x280000" : {
      "Action" : 10,
      "Text" : "b"
    },
    "0xf703-0x280000" : {
      "Action" : 10,
      "Text" : "f"
    },
    "0x38-0x200000" : {
      "Action" : 12,
      "Text" : "8"
    },
    "0x2d-0x200000" : {
      "Action" : 12,
      "Text" : "-"
    },
    "0x3-0x200000" : {
      "Action" : 11,
      "Text" : "0xd"
    },
    "0xf702-0x300000-0x7b" : {
      "Version" : 1,
      "Action" : 2,
      "Text" : "",
      "Label" : ""
    },
    "0xf728-0x0" : {
      "Action" : 11,
      "Text" : "0x4"
    },
    "0x37-0x200000" : {
      "Action" : 12,
      "Text" : "7"
    },
    "0x31-0x200000" : {
      "Action" : 12,
      "Text" : "1"
    },
    "0x36-0x200000" : {
      "Action" : 12,
      "Text" : "6"
    },
    "0x32-0x200000" : {
      "Action" : 12,
      "Text" : "2"
    },
    "0xf728-0x80000" : {
      "Action" : 10,
      "Text" : "d"
    },
    "0xf739-0x0" : {
      "Action" : 13,
      "Text" : ""
    },
    "0x30-0x200000" : {
      "Action" : 12,
      "Text" : "0"
    },
    "0x2b-0x200000" : {
      "Action" : 12,
      "Text" : "+"
    },
    "0x35-0x200000" : {
      "Action" : 12,
      "Text" : "5"
    },
    "0x34-0x200000" : {
      "Action" : 12,
      "Text" : "4"
    },
    "0x2f-0x200000" : {
      "Action" : 12,
      "Text" : "\/"
    },
    "0x2a-0x200000" : {
      "Action" : 12,
      "Text" : "*"
    },
    "0x33-0x200000" : {
      "Action" : 12,
      "Text" : "3"
    },
    "0x2e-0x200000" : {
      "Action" : 12,
      "Text" : "."
    },
    "0xf703-0x300000-0x7c" : {
      "Version" : 1,
      "Action" : 0,
      "Text" : "",
      "Label" : ""
    },
    "0x7f-0x80000" : {
      "Action" : 11,
      "Text" : "0x1b 0x7f"
    },
    "0x7f-0x100000" : {
      "Action" : 11,
      "Text" : "0x15"
    }
  },
  "Window Type" : 0,
  "Cursor Type" : 1,
  "Background Image Location" : "",
  "Blur" : false,
  "Badge Color" : {
    "Red Component" : 1,
    "Color Space" : "sRGB",
    "Alpha Component" : 0.5,
    "Blue Component" : 0,
    "Green Component" : 0.1491314172744751
  },
  "Scrollback Lines" : 1000,
  "Send Code When Idle" : false,
  "Close Sessions On End" : true,
  "Terminal Type" : "xterm-256color",
  "Visual Bell" : true,
  "Flashing Bell" : false,
  "Silence Bell" : false,
  "Ansi 14 Color" : {
    "Red Component" : 0.42745101451873779,
    "Color Space" : "sRGB",
    "Alpha Component" : 1,
    "Blue Component" : 0.7333332896232605,
    "Green Component" : 0.57647055387496948
  },
  "Unicode Version" : 9,
  "Name" : "Default",
  "Cursor Text Color" : {
    "Red Component" : 0.99999600648880005,
    "Color Space" : "sRGB",
    "Alpha Component" : 1,
    "Blue Component" : 1,
    "Green Component" : 1
  },
  "Minimum Contrast" : 0,
  "Shortcut" : "",
  "Cursor Color" : {
    "Red Component" : 0.95276719331741333,
    "Color Space" : "sRGB",
    "Alpha Component" : 1,
    "Blue Component" : 0.34898576140403748,
    "Green Component" : 0.15278369188308716
  },
  "Transparency" : 0,
  "Ansi 1 Color" : {
    "Red Component" : 0.83529418706893921,
    "Color Space" : "sRGB",
    "Alpha Component" : 1,
    "Blue Component" : 0.32549014687538147,
    "Green Component" : 0.15294107794761658
  },
  "Horizontal Spacing" : 1,
  "Link Color" : {
    "Red Component" : 0.15686279535293579,
    "Color Space" : "sRGB",
    "Alpha Component" : 1,
    "Blue Component" : 0.87058830261230469,
    "Green Component" : 0.48235297203063965
  },
  "Ansi 2 Color" : {
    "Red Component" : 0.13725492358207703,
    "Color Space" : "sRGB",
    "Alpha Component" : 1,
    "Blue Component" : 0.2901960015296936,
    "Green Component" : 0.59215694665908813
  },
  "Right Option Key Sends" : 0,
  "Ansi 3 Color" : {
    "Red Component" : 0.87450987100601196,
    "Color Space" : "sRGB",
    "Alpha Component" : 1,
    "Blue Component" : 0.10980390757322311,
    "Green Component" : 0.38823527097702026
  },
  "Ansi 7 Color" : {
    "Red Component" : 0.72874546051025391,